title,create_date,isbn,descriptin,price
Book title 1,1955-05-23,255-23-23-23,Book description 1,"10,23"
Book title 2,1923-10-24,255-23-23-22,Book description 2,"11,23"
Book title 3,1945-08-05,255-23-23-21,Book description 3,"12,23"
Book title 4,1955-05-26,255-23-23-20,Book description 4,"13,23"
Book title 5,1955-05-27,255-23-23-19,Book description 5,"14,23"
Book title 6,1955-05-28,255-23-23-18,Book description 6,"15,23"
Book title 7,1955-05-29,255-23-23-17,Book description 7,"16,23"
Book title 8,1955-05-30,255-23-23-16,Book description 8,"17,23"
Book title 9,1955-05-31,255-23-23-15,Book description 9,"18,23"
